rquick97,1
halsey,3
DallinElliott,4
ChildhoodShows,1
TweetLikeAGirI,2
Cassiejdykstra,11
betho_g,7
justNannerss,9
KobotTheRobot,8
chyatt23,1
TheOfflcePics,1
malxoes,1
RowdyAmericans,1
LifeOfAGirlxo,1
jill_nichole_8,1
SORRYNOTSOORRY,1
FIirtationship,4
tbourland26,1
DaniSButcher,1
girlposts,8
TypicalGirI,2
Playing_Dad,1
Jakey_G_123,1
garyfromteenmom,1
mc__jagger_,2
brightlightray,1
ToriMSchafer,1
jimmyjohns,4
AdorableWords,1
Pass_The_Vuong,1
CommonWhiteGirI,4
WanDangler,1
coffee_n_mtns,1
jones_kilee,1
SincerelyTumblr,2
TheDIYideas,1
gutsnoglory,1
QueeenSass,1
ImpatientPrblms,1
FreakingTrue,1
ItsJoshPeck,1
ItsRachaelM,1
_CollegeHumor_,1
Taylor_Renee47,1
carrovoxo,1
DesiDewdrop,2
BrutallyHonest4,1
hughey12,1
fettynap,1
ashleelbs,1
brenman01,1
phoebe_flippers,1
Emmaa_Flo,1
GraceE_Robinson,1
itsHIMYMquotes,1
WORLDSTARVlNE,1
tonidickherber,1
ltsHarryPotter,3
TheDrewLynch,1
meanpIastic,2
fanchazstic,1
BetterDisney,1
jasminescott13,2
FemalePains,3
JustReIatabIe,1
PBWilsonMusic,1
AntiBae,1
_hexilerring,1
_MarshyMarsh_,1
ltsFeminism,1
MakeupGuides,1
SassyGirlsProbs,1
lnsaneTweets,1
typteengrl,1
gracebettenga,1
lyric188,1
CerealVelocity,1
BuzzSawww,1
ltsEvanPeters,1
druidDUDE,1
RinehartSophie,1
barttoe_lee,1
emilypi15,1
MOGirlProbs,1
bubblestbh,1
kcatwalk1,1
sammyrhodes,1
NinaMargaret,1
pineappleshoez,1
billythekewlkat,2
excerptofmyself,1
kelkatcox,1
itstrulychris,1
kateharris37,1
haileykerns74,1
Isco_edition,1
DonnyFerguson,1
MaryPloch,1
alissamarie,1
