Cassiejdykstra,11
justNannerss,9
KobotTheRobot,8
girlposts,8
betho_g,7
DallinElliott,4
FIirtationship,4
jimmyjohns,4
CommonWhiteGirI,4
halsey,3
ltsHarryPotter,3
FemalePains,3
TweetLikeAGirI,2
TypicalGirI,2
mc__jagger_,2
SincerelyTumblr,2
DesiDewdrop,2
meanpIastic,2
jasminescott13,2
billythekewlkat,2
rquick97,1
ChildhoodShows,1
chyatt23,1
TheOfflcePics,1
malxoes,1
RowdyAmericans,1
LifeOfAGirlxo,1
jill_nichole_8,1
SORRYNOTSOORRY,1
tbourland26,1
DaniSButcher,1
Playing_Dad,1
Jakey_G_123,1
garyfromteenmom,1
brightlightray,1
ToriMSchafer,1
AdorableWords,1
Pass_The_Vuong,1
WanDangler,1
coffee_n_mtns,1
jones_kilee,1
TheDIYideas,1
gutsnoglory,1
QueeenSass,1
ImpatientPrblms,1
FreakingTrue,1
ItsJoshPeck,1
ItsRachaelM,1
_CollegeHumor_,1
Taylor_Renee47,1
carrovoxo,1
BrutallyHonest4,1
hughey12,1
fettynap,1
ashleelbs,1
brenman01,1
phoebe_flippers,1
Emmaa_Flo,1
GraceE_Robinson,1
itsHIMYMquotes,1
WORLDSTARVlNE,1
tonidickherber,1
TheDrewLynch,1
fanchazstic,1
BetterDisney,1
JustReIatabIe,1
PBWilsonMusic,1
AntiBae,1
_hexilerring,1
_MarshyMarsh_,1
ltsFeminism,1
MakeupGuides,1
SassyGirlsProbs,1
lnsaneTweets,1
typteengrl,1
gracebettenga,1
lyric188,1
CerealVelocity,1
BuzzSawww,1
ltsEvanPeters,1
druidDUDE,1
RinehartSophie,1
barttoe_lee,1
emilypi15,1
MOGirlProbs,1
bubblestbh,1
kcatwalk1,1
sammyrhodes,1
NinaMargaret,1
pineappleshoez,1
excerptofmyself,1
kelkatcox,1
itstrulychris,1
kateharris37,1
haileykerns74,1
Isco_edition,1
DonnyFerguson,1
MaryPloch,1
alissamarie,1
