PladeSruitt,9
fanchazstic,9
callmeDALLface,7
manilakilla,7
lukederousse,4
datboi_mick,4
TOMMYREVENGE,3
hotelgaruda,3
ItsWaltBitch,3
h3h3productions,2
pixeIdreams,2
ljschorr1,2
PrinceFoxMusic,2
porterrobinson,2
HeartMachineZ,2
jazzclubs,2
MJNPAPI,2
YahBoyCourage,2
Midocamusic,2
Pfanstielio,2
DaisyFetters,2
kyle46m,2
GFactorygames,1
iproxy,1
itsmarkjohns,1
Aut_tot,1
madeon,1
RobbyHauldren,1
oppo,1
An_Irrelephant,1
thehipstamusic,1
GasStationVines,1
tropicofpisces,1
realDonaldTrump,1
chanxcho,1
shawnwasabi,1
joanneprada,1
DannyDuncan69,1
ParksPics,1
KeeganSpitz,1
smokingdick,1
TheTaylorEwing,1
Matnetik,1
_hannahgarrettt,1
degise_nick,1
88rising,1
ethanmcgarvey,1
77pingpong,1
