h3h3productions,2
GFactorygames,1
iproxy,1
TOMMYREVENGE,3
PladeSruitt,9
itsmarkjohns,1
pixeIdreams,2
ljschorr1,2
PrinceFoxMusic,2
Aut_tot,1
madeon,1
porterrobinson,2
RobbyHauldren,1
HeartMachineZ,2
hotelgaruda,3
callmeDALLface,7
jazzclubs,2
oppo,1
An_Irrelephant,1
fanchazstic,9
MJNPAPI,2
thehipstamusic,1
ItsWaltBitch,3
GasStationVines,1
lukederousse,4
YahBoyCourage,2
tropicofpisces,1
realDonaldTrump,1
chanxcho,1
shawnwasabi,1
joanneprada,1
Midocamusic,2
manilakilla,7
DannyDuncan69,1
ParksPics,1
KeeganSpitz,1
smokingdick,1
Pfanstielio,2
TheTaylorEwing,1
Matnetik,1
_hannahgarrettt,1
degise_nick,1
88rising,1
ethanmcgarvey,1
77pingpong,1
DaisyFetters,2
kyle46m,2
datboi_mick,4
