FreddyAmazin,6
ComedyWorIdStar,1
CommonWhiteGirI,2
captain_mkirk,7
EmsJems_38,1
comedyandtruth,1
Pawz,1
littleRainey_,3
tbhjuststop,2
crazybytrade,5
kyle46m,2
fanchazstic,20
WowSoPunny,5
PladeSruitt,8
WootDawg2,3
lndepth,1
tetospank,1
CuteEmergency,2
FIirtations,1
jojocircus18,1
kelkatcox,1
teenagernotes,1
megan17b,2
tor_Tia97,1
invalid,1
blxsskelsey,1
moviepoets,1
SoDamnTrue,1
jk_rowling,1
ColIegeStudent,2
gavinmerkle,1
austin3410,2
unsmokabIe,2
TannerBruer,1
tinatbh,1
MarioPalush,1
Emmzzyyyy,1
aprilsfiction,2
FiImQuote,1
LovinTheBAYley,1
ItMeIRL,2
chanelpuke,2
vine,1
FIirtationship,4
ab_carp,1
datboi_mick,2
quenblackwell,1
Iifepost,1
jesserutherford,1
jessyjeanie,1
SoReIatable,1
Dory,2
ThatsSarcasm,1
katelynn_69,1
TumblrsFunnies,1
CavemansSponge,1
TheBucktList,1
MODPizza,1
FoodPornsx,1
Bookstexts,1
DisickReactions,1
kvttycat,1
markmitchell71,1
ParksPics,1
i_am_amerz,1
sheltonjayden,1
brutally,1
Pfanstielio,1
tbhjuststp,1
atotheshli,1
yourseIves,1
KardashianReact,1
callmeDALLface,1
ThatBucketList,1
TheFunnyTumblrs,1
OhDearOOMF,1
billythekewlkat,1
