fanchazstic,20
PladeSruitt,8
captain_mkirk,7
FreddyAmazin,6
crazybytrade,5
WowSoPunny,5
FIirtationship,4
littleRainey_,3
WootDawg2,3
CommonWhiteGirI,2
tbhjuststop,2
kyle46m,2
CuteEmergency,2
megan17b,2
ColIegeStudent,2
austin3410,2
unsmokabIe,2
aprilsfiction,2
ItMeIRL,2
chanelpuke,2
datboi_mick,2
Dory,2
ComedyWorIdStar,1
EmsJems_38,1
comedyandtruth,1
Pawz,1
lndepth,1
tetospank,1
FIirtations,1
jojocircus18,1
kelkatcox,1
teenagernotes,1
tor_Tia97,1
invalid,1
blxsskelsey,1
moviepoets,1
SoDamnTrue,1
jk_rowling,1
gavinmerkle,1
TannerBruer,1
tinatbh,1
MarioPalush,1
Emmzzyyyy,1
FiImQuote,1
LovinTheBAYley,1
vine,1
ab_carp,1
quenblackwell,1
Iifepost,1
jesserutherford,1
jessyjeanie,1
SoReIatable,1
ThatsSarcasm,1
katelynn_69,1
TumblrsFunnies,1
CavemansSponge,1
TheBucktList,1
MODPizza,1
FoodPornsx,1
Bookstexts,1
DisickReactions,1
kvttycat,1
markmitchell71,1
ParksPics,1
i_am_amerz,1
sheltonjayden,1
brutally,1
Pfanstielio,1
tbhjuststp,1
atotheshli,1
yourseIves,1
KardashianReact,1
callmeDALLface,1
ThatBucketList,1
TheFunnyTumblrs,1
OhDearOOMF,1
billythekewlkat,1
