MKBHD,7
callmeDALLface,24
XDAGarwynn,1
Snapchat,1
lukederousse,1
Wannagetinmyvan,1
Anastasia_Noel1,3
garyfromteenmom,1
kyle46m,3
raytoe217,6
PladeSruitt,6
betho_g,1
fanchazstic,2
iamdevloper,7
yepliketheriver,1
FueledByRamen,1
twentyonepilots,1
CerealVelocity,1
urboiNickLane,2
justNannerss,5
Cassiejdykstra,4
captain_mkirk,3
tacobell,1
DILLONFRANCIS,1
Midocamusic,1
hotelgaruda,1
theMrMobile,1
OneRepublic,1
TweetLikeAGirI,1
DwightFalse,1
chanelpuke,1
ItMeIRL,1
datboi_mick,3
CavemansSponge,1
cool_as_heck,1
TeslaMotors,1
ParksPics,1
JDHackmann,3
Just_Emmazing,1
Pfanstielio,2
degise_nick,3
aurora_sense,2
