callmeDALLface,24
MKBHD,7
iamdevloper,7
raytoe217,6
PladeSruitt,6
justNannerss,5
Cassiejdykstra,4
Anastasia_Noel1,3
kyle46m,3
captain_mkirk,3
datboi_mick,3
JDHackmann,3
degise_nick,3
fanchazstic,2
urboiNickLane,2
Pfanstielio,2
aurora_sense,2
XDAGarwynn,1
Snapchat,1
lukederousse,1
Wannagetinmyvan,1
garyfromteenmom,1
betho_g,1
yepliketheriver,1
FueledByRamen,1
twentyonepilots,1
CerealVelocity,1
tacobell,1
DILLONFRANCIS,1
Midocamusic,1
hotelgaruda,1
theMrMobile,1
OneRepublic,1
TweetLikeAGirI,1
DwightFalse,1
chanelpuke,1
ItMeIRL,1
CavemansSponge,1
cool_as_heck,1
TeslaMotors,1
ParksPics,1
Just_Emmazing,1
