DetroitBORG,8
tldtoday,7
jlgolson,6
dbrandSkins,5
elonmusk,5
MKBHD,5
snapster,4
UnboxTherapy,4
9to5mac,3
Timotato,3
Dave2Dtv,3
cooperfilmskc,3
superscientific,2
SuperSaf,2
samsheffer,2
Skyinflatballaz,2
SoundEarphones,2
HeyMarkL,2
pixelblogspot,2
pierce,2
verge,2
LinusTech,2
cinedatabase,2
TheNextWeb,1
AliHashbrown,1
SwagTdog,1
aman_bekalu,1
inramana,1
droid_life,1
gruber,1
reckless,1
RealSh4d0wm4n,1
thecoffeehog,1
inshorts,1
FLYGHTmoosic,1
SamuelSokol,1
BGR,1
thatguymikerich,1
KeeganMiller77,1
varunkrish,1
shen,1
justinmaller,1
Gramatik,1
candicepoon,1
kamedypiece,1
Snugcresent,1
NobleDoughnut,1
cmcknight11,1
Richard_Jacobs,1
Sportsnet,1
JmeBBK,1
LilColeslaw,1
cena_christ,1
snapchatsupport,1
Snapchat,1
PastelPouts,1
ItsJaymeM,1
cgpgrey,1
austinwachukwu,1
artemiox,1
faultywarrior,1
SuperGrovster,1
exuacie,1
MattoWest,1
SmAnshuman,1
gfish93,1
Nadeshot,1
MyArthuritis,1
TeslaMotors,1
MacTechGenius,1
doakills,1
vigwoody,1
jermaineUtwit,1
apollohay,1
Peglah,1
llsethj,1
komocode,1
theDarkwun,1
madebygoogle,1
dstaley,1
AndroidPolice,1
AronisPURE,1
TechNinjaSpeaks,1
Sheggz26,1
imgur,1
AndroidAuth,1
Brodiesmith21,1
NBA2K,1
MusashiX2,1
CarbonizedFlux,1
GioRivera,1
Tylerpopovich_,1
InitialFocusLLC,1
MLUltimate,1
GeekyNerdDad,1
vikassharma963,1
katesthehippie,1
Mags_1597,1
rohitguptaftw,1
renzaurio,1
Dylan_Lappin,1
Aaron_hossain75,1
Levi_STEM,1
UltraLinx,1
McMoobud,1
JTechApple,1
elToddB,1
MillenniumOS,1
JuanPlust,1
ElinaStig,1
TienesTipex,1
senyornavarro,1
theMrMobile,1
sgeet100,1
Justin__Kelley,1
CaseyNeistat,1
EntroposHD,1
NaVic89,1
kustoo,1
NBT88YT,1
Goose933,1
atomicfission92,1
riannethelion,1
RonAmadeo,1
CerealVelocity,1
designmilk,1
iAm_erica,1
mattdgonzalez,1
Jack_bell_166,1
JackMcDonough27,1
Jon4Lakers,1
NicMallory,1
soundman1024,1
mstechyt,1
foodiepotato,1
wesleycuy,1
ThomasMCoyle,1
mrennie25,1
JJGadgets,1
YouTube,1
prdunnnh,1
TaylorTMusic,1
rafiali99_,1
ColorWare,1
Ameert,1
